{"cameraMode":{"drawMode":0,"name":"Shaded","section":"Shading Mode"},"sceneLighting":true,"audioPlay":false,"sceneViewState":{"showFog":true,"showMaterialUpdate":false,"showSkybox":true,"showFlares":true,"showImageEffects":true,"showParticleSystems":true},"in2DMode":false,"pivot":{"x":536.261474609375,"y":125.798095703125,"z":-1949.7919921875},"rotation":{"x":-0.15457600355148316,"y":0.3556949496269226,"z":-0.0597764253616333,"w":-0.9197903275489807},"size":1834.843017578125,"orthographic":false}