{"cameraMode":{"drawMode":0,"name":"Shaded","section":"Shading Mode"},"sceneLighting":true,"audioPlay":false,"sceneViewState":{"showFog":true,"showMaterialUpdate":false,"showSkybox":true,"showFlares":true,"showImageEffects":true,"showParticleSystems":true},"in2DMode":false,"pivot":{"x":1.5193156003952027,"y":-0.2079695761203766,"z":-2.7784831523895265},"rotation":{"x":-0.029758993536233903,"y":0.35265475511550906,"z":-0.011221411637961865,"w":-0.9352129101753235},"size":25.986312866210939,"orthographic":false}