{"cameraMode":{"drawMode":0,"name":"Shaded","section":"Shading Mode"},"sceneLighting":true,"audioPlay":false,"sceneViewState":{"showFog":true,"showMaterialUpdate":true,"showSkybox":true,"showFlares":true,"showImageEffects":true,"showParticleSystems":true},"in2DMode":false,"pivot":{"x":0.9942123889923096,"y":0.696912407875061,"z":0.1299956738948822},"rotation":{"x":-0.15556225180625916,"y":0.03762320429086685,"z":-0.005929316859692335,"w":-0.9870915412902832},"size":7.957886219024658,"orthographic":false}